{
  "rmse": 0.0963,
  "r2": -0.0577,
  "directional_accuracy": 0.7182,
  "n_train": 442,
  "n_test": 110,
  "n_features": 33,
  "top_features": {
    "roe": 0.051617857068777084,
    "pos_sma50": 0.04984308034181595,
    "dd_3m": 0.04798976331949234,
    "vol_126d": 0.04727967455983162,
    "ret_12m": 0.044356819242239,
    "earnings_growth": 0.041184380650520325,
    "pos_sma200": 0.04013640061020851,
    "ret_6m": 0.03929480165243149,
    "rsi_14": 0.0384475477039814,
    "rsi_7": 0.03696579486131668
  },
  "trained_at": "2026-04-02T19:59:50.558910"
}