{
  "rmse": 0.10064,
  "r2": -0.0816,
  "directional_accuracy": 0.7,
  "n_train": 442,
  "n_test": 110,
  "n_features": 33,
  "top_features": {
    "roe": 0.07113955914974213,
    "dd_3m": 0.06241707503795624,
    "dd_6m": 0.044207338243722916,
    "ret_12m": 0.04417665675282478,
    "pos_sma200": 0.042551830410957336,
    "earnings_growth": 0.04047398269176483,
    "pos_sma50": 0.039593737572431564,
    "macd_norm": 0.038068532943725586,
    "ret_3m": 0.03577803447842598,
    "payout_ratio": 0.03442036733031273
  },
  "trained_at": "2026-04-01T12:28:34.775388"
}